[
  {
    "model": "forms.formfield",
    "pk": 1,
    "fields": {
      "sort_order": 0,
      "clean_name": "nama_lengkap",
      "label": "Nama Lengkap",
      "field_type": "singleline",
      "required": true,
      "choices": "",
      "default_value": "",
      "help_text": "Masukkan nama lengkap sesuai KTP/identitas resmi",
      "page": 30
    }
  },
  {
    "model": "forms.formfield",
    "pk": 2,
    "fields": {
      "sort_order": 1,
      "clean_name": "email",
      "label": "Alamat Email",
      "field_type": "email",
      "required": true,
      "choices": "",
      "default_value": "",
      "help_text": "Email aktif yang dapat dihubungi untuk informasi pendaftaran",
      "page": 30
    }
  },
  {
    "model": "forms.formfield",
    "pk": 3,
    "fields": {
      "sort_order": 2,
      "clean_name": "nomor_telepon",
      "label": "Nomor Telepon",
      "field_type": "singleline",
      "required": true,
      "choices": "",
      "default_value": "",
      "help_text": "Nomor telepon/HP yang dapat dihubungi (contoh: 08123456789)",
      "page": 30
    }
  },
  {
    "model": "forms.formfield",
    "pk": 4,
    "fields": {
      "sort_order": 3,
      "clean_name": "program_studi",
      "label": "Program Studi yang Diminati",
      "field_type": "dropdown",
      "required": true,
      "choices": "S1 Akuntansi, S1 Manajemen",
      "default_value": "",
      "help_text": "Pilih program studi yang Anda minati di STIE Dwimulya",
      "page": 30
    }
  },
  {
    "model": "forms.formfield",
    "pk": 5,
    "fields": {
      "sort_order": 4,
      "clean_name": "asal_sekolah",
      "label": "Asal Sekolah/Institusi",
      "field_type": "singleline",
      "required": true,
      "choices": "",
      "default_value": "",
      "help_text": "Nama sekolah/universitas asal (SMA/SMK/Diploma/S1)",
      "page": 30
    }
  },
  {
    "model": "forms.formfield",
    "pk": 6,
    "fields": {
      "sort_order": 5,
      "clean_name": "tahun_lulus",
      "label": "Tahun Lulus",
      "field_type": "singleline",
      "required": true,
      "choices": "",
      "default_value": "",
      "help_text": "Tahun kelulusan dari sekolah/institusi asal",
      "page": 30
    }
  },
  {
    "model": "forms.formfield",
    "pk": 7,
    "fields": {
      "sort_order": 6,
      "clean_name": "alamat",
      "label": "Alamat Lengkap",
      "field_type": "multiline",
      "required": true,
      "choices": "",
      "default_value": "",
      "help_text": "Alamat tempat tinggal saat ini (Jalan, Kecamatan, Kota, Provinsi)",
      "page": 30
    }
  },
  {
    "model": "forms.formfield",
    "pk": 8,
    "fields": {
      "sort_order": 7,
      "clean_name": "pesan",
      "label": "Pesan atau Pertanyaan",
      "field_type": "multiline",
      "required": false,
      "choices": "",
      "default_value": "",
      "help_text": "Sampaikan pertanyaan khusus tentang program studi atau proses pendaftaran",
      "page": 30
    }
  },
  {
    "model": "forms.formfield",
    "pk": 1,
    "fields": {
      "sort_order": 0,
      "clean_name": "name",
      "label": "Name",
      "field_type": "singleline",
      "required": true,
      "choices": "",
      "default_value": "",
      "help_text": "",
      "page": 30
    }
  },
  {
    "model": "forms.formfield",
    "pk": 2,
    "fields": {
      "sort_order": 1,
      "clean_name": "email",
      "label": "Email",
      "field_type": "email",
      "required": true,
      "choices": "",
      "default_value": "",
      "help_text": "",
      "page": 30
    }
  },
  {
    "model": "forms.formfield",
    "pk": 3,
    "fields": {
      "sort_order": 2,
      "clean_name": "favourite_fish",
      "label": "Favourite fish",
      "field_type": "dropdown",
      "required": true,
      "choices": "Gobies, Dartfish, Firefish, Cardinalfish",
      "default_value": "",
      "help_text": "",
      "page": 30
    }
  },
  {
    "model": "forms.formfield",
    "pk": 4,
    "fields": {
      "sort_order": 3,
      "clean_name": "i_am_a_fish",
      "label": "I am a fish",
      "field_type": "checkbox",
      "required": true,
      "choices": "",
      "default_value": "",
      "help_text": "",
      "page": 30
    }
  },
  {
    "model": "utils.pagerelatedpage",
    "pk": 2,
    "fields": {
      "sort_order": 1,
      "parent": 5,
      "page": 7
    }
  },
  {
    "model": "utils.pagerelatedpage",
    "pk": 3,
    "fields": {
      "sort_order": 2,
      "parent": 5,
      "page": 4
    }
  },
  {
    "model": "utils.pagerelatedpage",
    "pk": 4,
    "fields": {
      "sort_order": 3,
      "parent": 5,
      "page": 6
    }
  },
  {
    "model": "utils.pagerelatedpage",
    "pk": 6,
    "fields": {
      "sort_order": 5,
      "parent": 5,
      "page": 8
    }
  },
  {
    "model": "utils.pagerelatedpage",
    "pk": 7,
    "fields": {
      "sort_order": 0,
      "parent": 6,
      "page": 5
    }
  },
  {
    "model": "utils.pagerelatedpage",
    "pk": 8,
    "fields": {
      "sort_order": 1,
      "parent": 6,
      "page": 4
    }
  },
  {
    "model": "utils.pagerelatedpage",
    "pk": 10,
    "fields": {
      "sort_order": 0,
      "parent": 5,
      "page": 6
    }
  },
  {
    "model": "utils.pagerelatedpage",
    "pk": 11,
    "fields": {
      "sort_order": 4,
      "parent": 5,
      "page": 10
    }
  },
  {
    "model": "utils.pagerelatedpage",
    "pk": 12,
    "fields": {
      "sort_order": 5,
      "parent": 5,
      "page": 30
    }
  },
  {
    "model": "utils.pagerelatedpage",
    "pk": 13,
    "fields": {
      "sort_order": 2,
      "parent": 6,
      "page": 6
    }
  },
  {
    "model": "utils.pagerelatedpage",
    "pk": 14,
    "fields": {
      "sort_order": 0,
      "parent": 3,
      "page": 4
    }
  },
  {
    "model": "utils.pagerelatedpage",
    "pk": 15,
    "fields": {
      "sort_order": 1,
      "parent": 3,
      "page": 6
    }
  },
  {
    "model": "utils.pagerelatedpage",
    "pk": 16,
    "fields": {
      "sort_order": 2,
      "parent": 3,
      "page": 5
    }
  },
  {
    "model": "utils.pagerelatedpage",
    "pk": 17,
    "fields": {
      "sort_order": 3,
      "parent": 3,
      "page": 7
    }
  },
  {
    "model": "utils.pagerelatedpage",
    "pk": 18,
    "fields": {
      "sort_order": 4,
      "parent": 3,
      "page": 8
    }
  },
  {
    "model": "utils.authorsnippet",
    "pk": 1,
    "fields": {
      "title": "Frank Nigelson",
      "image": 2
    }
  },
  {
    "model": "utils.articletopic",
    "pk": 1,
    "fields": {
      "title": "Insight",
      "slug": "insight"
    }
  },
  {
    "model": "utils.articletopic",
    "pk": 2,
    "fields": {
      "title": "News",
      "slug": "news"
    }
  },
  {
    "model": "utils.statistic",
    "pk": 1,
    "fields": {
      "statistic": "95%",
      "description": "Description goes here and it can wrap onto several lines if need be"
    }
  },
  {
    "model": "utils.statistic",
    "pk": 2,
    "fields": {
      "statistic": "120m",
      "description": "Description goes here and it can wrap onto several lines if need be"
    }
  },
  {
    "model": "utils.statistic",
    "pk": 3,
    "fields": {
      "statistic": "22+",
      "description": "Description goes here and it can wrap onto several lines if need be"
    }
  },
  {
    "model": "wagtailcore.locale",
    "pk": 1,
    "fields": {
      "language_code": "en"
    }
  },
  {
    "model": "wagtailcore.site",
    "pk": 2,
    "fields": {
      "hostname": "localhost",
      "port": 80,
      "site_name": "STIE Dwimulya",
      "root_page": 3,
      "is_default_site": true
    }
  },
  {
    "model": "wagtailcore.collection",
    "pk": 1,
    "fields": {
      "path": "0001",
      "depth": 1,
      "numchild": 0,
      "name": "Root"
    }
  },
  {
    "model": "wagtailcore.workflowpage",
    "pk": 1,
    "fields": {
      "workflow": 1
    }
  },
  {
    "model": "wagtailcore.workflowtask",
    "pk": 1,
    "fields": {
      "sort_order": 0,
      "workflow": 1,
      "task": 1
    }
  },
  {
    "model": "wagtailcore.task",
    "pk": 1,
    "fields": {
      "name": "Moderators approval",
      "content_type": [
        "wagtailcore",
        "groupapprovaltask"
      ],
      "active": true
    }
  },
  {
    "model": "wagtailcore.workflow",
    "pk": 1,
    "fields": {
      "name": "Moderators approval",
      "active": true
    }
  },
  {
    "model": "taggit.tag",
    "pk": 1,
    "fields": {
      "name": "placeholder",
      "slug": "placeholder"
    }
  },
  {
    "model": "taggit.taggeditem",
    "pk": 1,
    "fields": {
      "tag": 1,
      "content_type": [
        "images",
        "customimage"
      ],
      "object_id": 1
    }
  },
  {
    "model": "auth.group",
    "pk": 1,
    "fields": {
      "name": "Moderators",
      "permissions": [
        [
          "access_admin",
          "wagtailadmin",
          "admin"
        ],
        [
          "add_document",
          "wagtaildocs",
          "document"
        ],
        [
          "change_document",
          "wagtaildocs",
          "document"
        ],
        [
          "choose_document",
          "wagtaildocs",
          "document"
        ],
        [
          "delete_document",
          "wagtaildocs",
          "document"
        ],
        [
          "add_image",
          "wagtailimages",
          "image"
        ],
        [
          "change_image",
          "wagtailimages",
          "image"
        ],
        [
          "choose_image",
          "wagtailimages",
          "image"
        ],
        [
          "delete_image",
          "wagtailimages",
          "image"
        ]
      ]
    }
  },
  {
    "model": "auth.group",
    "pk": 2,
    "fields": {
      "name": "Editors",
      "permissions": [
        [
          "access_admin",
          "wagtailadmin",
          "admin"
        ],
        [
          "add_document",
          "wagtaildocs",
          "document"
        ],
        [
          "change_document",
          "wagtaildocs",
          "document"
        ],
        [
          "choose_document",
          "wagtaildocs",
          "document"
        ],
        [
          "delete_document",
          "wagtaildocs",
          "document"
        ],
        [
          "add_image",
          "wagtailimages",
          "image"
        ],
        [
          "change_image",
          "wagtailimages",
          "image"
        ],
        [
          "choose_image",
          "wagtailimages",
          "image"
        ],
        [
          "delete_image",
          "wagtailimages",
          "image"
        ]
      ]
    }
  },
  {
    "model": "wagtailcore.groupapprovaltask",
    "pk": 1,
    "fields": {
      "groups": [
        [
          "Moderators"
        ]
      ]
    }
  },
  {
    "model": "wagtailcore.grouppagepermission",
    "pk": 1,
    "fields": {
      "group": [
        "Moderators"
      ],
      "page": 1,
      "permission": [
        "add_page",
        "wagtailcore",
        "page"
      ]
    }
  },
  {
    "model": "wagtailcore.grouppagepermission",
    "pk": 2,
    "fields": {
      "group": [
        "Moderators"
      ],
      "page": 1,
      "permission": [
        "change_page",
        "wagtailcore",
        "page"
      ]
    }
  },
  {
    "model": "wagtailcore.grouppagepermission",
    "pk": 3,
    "fields": {
      "group": [
        "Moderators"
      ],
      "page": 1,
      "permission": [
        "publish_page",
        "wagtailcore",
        "page"
      ]
    }
  },
  {
    "model": "wagtailcore.grouppagepermission",
    "pk": 4,
    "fields": {
      "group": [
        "Editors"
      ],
      "page": 1,
      "permission": [
        "add_page",
        "wagtailcore",
        "page"
      ]
    }
  },
  {
    "model": "wagtailcore.grouppagepermission",
    "pk": 5,
    "fields": {
      "group": [
        "Editors"
      ],
      "page": 1,
      "permission": [
        "change_page",
        "wagtailcore",
        "page"
      ]
    }
  },
  {
    "model": "wagtailcore.grouppagepermission",
    "pk": 6,
    "fields": {
      "group": [
        "Moderators"
      ],
      "page": 1,
      "permission": [
        "lock_page",
        "wagtailcore",
        "page"
      ]
    }
  },
  {
    "model": "wagtailcore.grouppagepermission",
    "pk": 7,
    "fields": {
      "group": [
        "Moderators"
      ],
      "page": 1,
      "permission": [
        "unlock_page",
        "wagtailcore",
        "page"
      ]
    }
  },
  {
    "model": "utils.systemmessagessettings",
    "pk": 1,
    "fields": {
      "site": [
        "localhost",
        80
      ],
      "title_404": "Page not found",
      "body_404": "<p data-block-key=\"uh77c\">You may be trying to find a page that doesn’t exist or has been moved.</p>",
      "placeholder_image": 3,
      "footer_newsletter_signup_title": "Sign up for our newsletter",
      "footer_newsletter_signup_description": "Lorem ipsum dolor sit amet, consectetur adipiscing elit, sed do eiusmod tempor incididunt.",
      "footer_newsletter_signup_link": "http://www.wagtail.org"
    }
  },
  {
    "model": "utils.socialmediasettings",
    "pk": 1,
    "fields": {
      "site": [
        "localhost",
        80
      ],
      "twitter_handle": "test",
      "linkedin_handle": "test",
      "facebook_app_id": "test",
      "instagram_handle": "test",
      "tiktok_handle": "test",
      "default_sharing_text": ""
    }
  },
  {
    "model": "users.user",
    "pk": 1,
    "fields": {
      "password": "pbkdf2_sha256$600000$HmBp2sED9OoHeAJvAPkMp2$+UzbFxtZ7Q15gIAOy42pJ1licVNcdKSBQh0UKR+P3pY=",
      "last_login": "2024-04-23T06:31:11.736Z",
      "is_superuser": true,
      "username": "admin",
      "first_name": "",
      "last_name": "",
      "email": "admin@example.com",
      "is_staff": true,
      "is_active": true,
      "date_joined": "2024-02-26T15:24:36.421Z",
      "groups": [],
      "user_permissions": []
    }
  },
  {
    "model": "standardpages.indexpage",
    "pk": 5,
    "fields": {
      "social_image": null,
      "social_text": "",
      "listing_image": null,
      "listing_title": "",
      "listing_summary": "",
      "appear_in_search_results": true,
      "introduction": "Informasi tentang STIE Dwimulya.",
      "body": "[{\"type\": \"cta\", \"value\": {\"heading\": \"This is the main CTA headline\", \"link\": [{\"type\": \"external\", \"value\": {\"link\": \"http://www.wagtail.org\", \"title\": \"Call to action\"}, \"id\": \"dce58a74-0f72-4316-8b34-18db3dcbab6d\"}], \"description\": \"Description goes here and it can wrap\"}, \"id\": \"ebce708e-08ec-46be-95fb-0ccc387d7376\"}]"
    }
  },
  {
    "model": "standardpages.standardpage",
    "pk": 6,
    "fields": {
      "social_image": null,
      "social_text": "",
      "listing_image": null,
      "listing_title": "",
      "listing_summary": "",
      "appear_in_search_results": true,
      "introduction": "Lorem ipsum dolor sit amet, consectetur adipiscing elit. Vestibulum laoreet nisi turpis. Etiam eget erat nisl.",
      "display_table_of_contents": true,
      "body": "[{\"type\": \"section\", \"value\": {\"heading\": \"This is a section heading\", \"content\": [{\"type\": \"paragraph\", \"value\": \"<p data-block-key=\\\"mv8pm\\\">Lorem ipsum dolor sit amet, consectetur adipiscing elit. Vestibulum laoreet nisi turpis. Etiam eget erat nisl. Phasellus dictum at eros non placerat. Vestibulum et augue eget tortor rutrum pretium. Sed vitae justo sed ante finibus varius bibendum pretium arcu. Vestibulum porttitor, turpis sed tempus commodo, nulla sem efficitur turpis, vitae fermentum ipsum ligula sed ligula. Vestibulum laoreet faucibus aliquam.</p><p data-block-key=\\\"c8pcn\\\">Suspendisse interdum, augue dignissim imperdiet viverra, nulla sapien porta libero, at vestibulum dolor ligula sed lorem. Nunc ultricies lacus sed purus iaculis euismod. Phasellus ac lorem gravida, sodales diam quis, viverra enim. Vestibulum eleifend at dolor congue suscipit. Curabitur laoreet eu arcu eget lacinia.</p>\", \"id\": \"fb047fbd-265a-4992-887d-f11bba839c87\"}]}, \"id\": \"648f1566-f490-4022-94e0-c5aec9643e5b\"}]",
      "featured_section_title": ""
    }
  },
  {
    "model": "news.newslistingpage",
    "pk": 4,
    "fields": {
      "social_image": null,
      "social_text": "",
      "listing_image": null,
      "listing_title": "",
      "listing_summary": "",
      "appear_in_search_results": true,
      "introduction": "Berita dan informasi terbaru dari STIE Dwimulya."
    }
  },
  {
    "model": "news.articlepage",
    "pk": 7,
    "fields": {
      "social_image": null,
      "social_text": "",
      "listing_image": 3,
      "listing_title": "10 Kegiatan Keren untuk Mengisi Liburan Semester Agar Lebih Berkesan",
      "listing_summary": "",
      "appear_in_search_results": true,
      "author": 1,
      "topic": 1,
      "publication_date": null,
      "introduction": "10 Kegiatan Keren untuk Mengisi Liburan Semester Agar Lebih Berkesan",
      "image": "[{\"type\": \"image\", \"value\": {\"image\": 3, \"image_alt_text\": \"\", \"caption\": \"\"}, \"id\": \"95af9635-efc3-44f2-bce5-43e30b6261a9\"}]",
      "body": "[{\"type\": \"section\", \"value\": {\"heading\": \"This is a section heading\", \"content\": [{\"type\": \"paragraph\", \"value\": \"<p data-block-key=\\\"6zx8y\\\">Lorem</p>\", \"id\": \"5d402652-53db-416b-8f01-90af36a5db39\"}]}, \"id\": \"6fb6c87b-978c-482d-abdd-c1470b3fa8a5\"}]",
      "featured_section_title": ""
    }
  },
  {
    "model": "news.articlepage",
    "pk": 8,
    "fields": {
      "social_image": null,
      "social_text": "",
      "listing_image": null,
      "listing_title": "Beberapa Alasan STIE Dwimulya Menjadi Tujuan Calon Mahasiswa",
      "listing_summary": "",
      "appear_in_search_results": true,
      "author": 1,
      "topic": 2,
      "publication_date": null,
      "introduction": "Beberapa Alasan STIE Dwimulya Menjadi Tujuan Calon Mahasiswa",
      "image": "[]",
      "body": "[{\"type\": \"section\", \"value\": {\"heading\": \"This is a section heading\", \"content\": [{\"type\": \"paragraph\", \"value\": \"<p data-block-key=\\\"y0ocr\\\">Lorem ipsum dolor sit amet, consectetur adipiscing elit. Vestibulum  laoreet nisi turpis. Etiam eget erat nisl. Phasellus dictum at eros non  placerat. Vestibulum et augue eget tortor rutrum pretium. Sed vitae  justo sed ante finibus varius bibendum pretium arcu. Vestibulum  porttitor, turpis sed tempus commodo, nulla sem efficitur turpis, vitae  fermentum ipsum ligula sed ligula. Vestibulum laoreet faucibus aliquam.</p><p data-block-key=\\\"c7ag3\\\">Suspendisse interdum, augue dignissim imperdiet viverra, nulla sapien  porta libero, at vestibulum dolor ligula sed lorem. Nunc ultricies lacus  sed purus iaculis euismod. Phasellus ac lorem gravida, sodales diam  quis, viverra enim. Vestibulum eleifend at dolor congue suscipit.  Curabitur laoreet eu arcu eget lacinia.</p>\", \"id\": \"58a0f7d5-373d-460f-8307-cd498802fbd2\"}]}, \"id\": \"63462e9b-b7e9-44cd-9657-dfc13654cccf\"}]",
      "featured_section_title": ""
    }
  },
  {
    "model": "news.articlepage",
    "pk": 10,
    "fields": {
      "social_image": null,
      "social_text": "",
      "listing_image": 3,
      "listing_title": "",
      "listing_summary": "",
      "appear_in_search_results": true,
      "author": 1,
      "topic": 1,
      "publication_date": null,
      "introduction": "Lorem ipsum dolor sit amet, consectetur adipiscing elit, sed do eiusmod tempor incididunt ut labore et dolore magna aliqua. Ut enim ad minim veniam, quis nostrud exercitation",
      "image": "[{\"type\": \"image\", \"value\": {\"image\": 3, \"image_alt_text\": \"\", \"caption\": \"\"}, \"id\": \"95af9635-efc3-44f2-bce5-43e30b6261a9\"}]",
      "body": "[{\"type\": \"section\", \"value\": {\"heading\": \"This is a section heading\", \"content\": [{\"type\": \"paragraph\", \"value\": \"<p data-block-key=\\\"6zx8y\\\">Lorem</p>\", \"id\": \"5d402652-53db-416b-8f01-90af36a5db39\"}]}, \"id\": \"6fb6c87b-978c-482d-abdd-c1470b3fa8a5\"}]",
      "featured_section_title": ""
    }
  },
  {
    "model": "news.articlepage",
    "pk": 11,
    "fields": {
      "social_image": null,
      "social_text": "",
      "listing_image": 3,
      "listing_title": "",
      "listing_summary": "",
      "appear_in_search_results": true,
      "author": 1,
      "topic": 1,
      "publication_date": null,
      "introduction": "Lorem ipsum dolor sit amet, consectetur adipiscing elit, sed do eiusmod tempor incididunt ut labore et dolore magna aliqua. Ut enim ad minim veniam, quis nostrud exercitation",
      "image": "[{\"type\": \"image\", \"value\": {\"image\": 3, \"image_alt_text\": \"\", \"caption\": \"\"}, \"id\": \"95af9635-efc3-44f2-bce5-43e30b6261a9\"}]",
      "body": "[{\"type\": \"section\", \"value\": {\"heading\": \"This is a section heading\", \"content\": [{\"type\": \"paragraph\", \"value\": \"<p data-block-key=\\\"6zx8y\\\">Lorem</p>\", \"id\": \"5d402652-53db-416b-8f01-90af36a5db39\"}]}, \"id\": \"6fb6c87b-978c-482d-abdd-c1470b3fa8a5\"}]",
      "featured_section_title": ""
    }
  },
  {
    "model": "news.articlepage",
    "pk": 12,
    "fields": {
      "social_image": null,
      "social_text": "",
      "listing_image": 3,
      "listing_title": "",
      "listing_summary": "",
      "appear_in_search_results": true,
      "author": 1,
      "topic": 1,
      "publication_date": null,
      "introduction": "Lorem ipsum dolor sit amet, consectetur adipiscing elit, sed do eiusmod tempor incididunt ut labore et dolore magna aliqua. Ut enim ad minim veniam, quis nostrud exercitation",
      "image": "[{\"type\": \"image\", \"value\": {\"image\": 3, \"image_alt_text\": \"\", \"caption\": \"\"}, \"id\": \"95af9635-efc3-44f2-bce5-43e30b6261a9\"}]",
      "body": "[{\"type\": \"section\", \"value\": {\"heading\": \"This is a section heading\", \"content\": [{\"type\": \"paragraph\", \"value\": \"<p data-block-key=\\\"6zx8y\\\">Lorem</p>\", \"id\": \"5d402652-53db-416b-8f01-90af36a5db39\"}]}, \"id\": \"6fb6c87b-978c-482d-abdd-c1470b3fa8a5\"}]",
      "featured_section_title": ""
    }
  },
  {
    "model": "news.articlepage",
    "pk": 13,
    "fields": {
      "social_image": null,
      "social_text": "",
      "listing_image": 3,
      "listing_title": "",
      "listing_summary": "",
      "appear_in_search_results": true,
      "author": 1,
      "topic": 1,
      "publication_date": null,
      "introduction": "Lorem ipsum dolor sit amet, consectetur adipiscing elit, sed do eiusmod tempor incididunt ut labore et dolore magna aliqua. Ut enim ad minim veniam, quis nostrud exercitation",
      "image": "[{\"type\": \"image\", \"value\": {\"image\": 3, \"image_alt_text\": \"\", \"caption\": \"\"}, \"id\": \"95af9635-efc3-44f2-bce5-43e30b6261a9\"}]",
      "body": "[{\"type\": \"section\", \"value\": {\"heading\": \"This is a section heading\", \"content\": [{\"type\": \"paragraph\", \"value\": \"<p data-block-key=\\\"6zx8y\\\">Lorem</p>\", \"id\": \"5d402652-53db-416b-8f01-90af36a5db39\"}]}, \"id\": \"6fb6c87b-978c-482d-abdd-c1470b3fa8a5\"}]",
      "featured_section_title": ""
    }
  },
  {
    "model": "news.articlepage",
    "pk": 14,
    "fields": {
      "social_image": null,
      "social_text": "",
      "listing_image": 3,
      "listing_title": "",
      "listing_summary": "",
      "appear_in_search_results": true,
      "author": 1,
      "topic": 1,
      "publication_date": null,
      "introduction": "Lorem ipsum dolor sit amet, consectetur adipiscing elit, sed do eiusmod tempor incididunt ut labore et dolore magna aliqua. Ut enim ad minim veniam, quis nostrud exercitation",
      "image": "[{\"type\": \"image\", \"value\": {\"image\": 3, \"image_alt_text\": \"\", \"caption\": \"\"}, \"id\": \"95af9635-efc3-44f2-bce5-43e30b6261a9\"}]",
      "body": "[{\"type\": \"section\", \"value\": {\"heading\": \"This is a section heading\", \"content\": [{\"type\": \"paragraph\", \"value\": \"<p data-block-key=\\\"6zx8y\\\">Lorem</p>\", \"id\": \"5d402652-53db-416b-8f01-90af36a5db39\"}]}, \"id\": \"6fb6c87b-978c-482d-abdd-c1470b3fa8a5\"}]",
      "featured_section_title": ""
    }
  },
  {
    "model": "news.articlepage",
    "pk": 15,
    "fields": {
      "social_image": null,
      "social_text": "",
      "listing_image": 3,
      "listing_title": "",
      "listing_summary": "",
      "appear_in_search_results": true,
      "author": 1,
      "topic": 1,
      "publication_date": null,
      "introduction": "Lorem ipsum dolor sit amet, consectetur adipiscing elit, sed do eiusmod tempor incididunt ut labore et dolore magna aliqua. Ut enim ad minim veniam, quis nostrud exercitation",
      "image": "[{\"type\": \"image\", \"value\": {\"image\": 3, \"image_alt_text\": \"\", \"caption\": \"\"}, \"id\": \"95af9635-efc3-44f2-bce5-43e30b6261a9\"}]",
      "body": "[{\"type\": \"section\", \"value\": {\"heading\": \"This is a section heading\", \"content\": [{\"type\": \"paragraph\", \"value\": \"<p data-block-key=\\\"6zx8y\\\">Lorem</p>\", \"id\": \"5d402652-53db-416b-8f01-90af36a5db39\"}]}, \"id\": \"6fb6c87b-978c-482d-abdd-c1470b3fa8a5\"}]",
      "featured_section_title": ""
    }
  },
  {
    "model": "news.articlepage",
    "pk": 16,
    "fields": {
      "social_image": null,
      "social_text": "",
      "listing_image": 3,
      "listing_title": "",
      "listing_summary": "",
      "appear_in_search_results": true,
      "author": 1,
      "topic": 1,
      "publication_date": null,
      "introduction": "Lorem ipsum dolor sit amet, consectetur adipiscing elit, sed do eiusmod tempor incididunt ut labore et dolore magna aliqua. Ut enim ad minim veniam, quis nostrud exercitation",
      "image": "[{\"type\": \"image\", \"value\": {\"image\": 3, \"image_alt_text\": \"\", \"caption\": \"\"}, \"id\": \"95af9635-efc3-44f2-bce5-43e30b6261a9\"}]",
      "body": "[{\"type\": \"section\", \"value\": {\"heading\": \"This is a section heading\", \"content\": [{\"type\": \"paragraph\", \"value\": \"<p data-block-key=\\\"6zx8y\\\">Lorem</p>\", \"id\": \"5d402652-53db-416b-8f01-90af36a5db39\"}]}, \"id\": \"6fb6c87b-978c-482d-abdd-c1470b3fa8a5\"}]",
      "featured_section_title": ""
    }
  },
  {
    "model": "news.articlepage",
    "pk": 17,
    "fields": {
      "social_image": null,
      "social_text": "",
      "listing_image": 3,
      "listing_title": "",
      "listing_summary": "",
      "appear_in_search_results": true,
      "author": 1,
      "topic": 1,
      "publication_date": null,
      "introduction": "Lorem ipsum dolor sit amet, consectetur adipiscing elit, sed do eiusmod tempor incididunt ut labore et dolore magna aliqua. Ut enim ad minim veniam, quis nostrud exercitation",
      "image": "[{\"type\": \"image\", \"value\": {\"image\": 3, \"image_alt_text\": \"\", \"caption\": \"\"}, \"id\": \"95af9635-efc3-44f2-bce5-43e30b6261a9\"}]",
      "body": "[{\"type\": \"section\", \"value\": {\"heading\": \"This is a section heading\", \"content\": [{\"type\": \"paragraph\", \"value\": \"<p data-block-key=\\\"6zx8y\\\">Lorem</p>\", \"id\": \"5d402652-53db-416b-8f01-90af36a5db39\"}]}, \"id\": \"6fb6c87b-978c-482d-abdd-c1470b3fa8a5\"}]",
      "featured_section_title": ""
    }
  },
  {
    "model": "news.articlepage",
    "pk": 18,
    "fields": {
      "social_image": null,
      "social_text": "",
      "listing_image": 3,
      "listing_title": "",
      "listing_summary": "",
      "appear_in_search_results": true,
      "author": 1,
      "topic": 1,
      "publication_date": null,
      "introduction": "Lorem ipsum dolor sit amet, consectetur adipiscing elit, sed do eiusmod tempor incididunt ut labore et dolore magna aliqua. Ut enim ad minim veniam, quis nostrud exercitation",
      "image": "[{\"type\": \"image\", \"value\": {\"image\": 3, \"image_alt_text\": \"\", \"caption\": \"\"}, \"id\": \"95af9635-efc3-44f2-bce5-43e30b6261a9\"}]",
      "body": "[{\"type\": \"section\", \"value\": {\"heading\": \"This is a section heading\", \"content\": [{\"type\": \"paragraph\", \"value\": \"<p data-block-key=\\\"6zx8y\\\">Lorem</p>\", \"id\": \"5d402652-53db-416b-8f01-90af36a5db39\"}]}, \"id\": \"6fb6c87b-978c-482d-abdd-c1470b3fa8a5\"}]",
      "featured_section_title": ""
    }
  },
  {
    "model": "news.articlepage",
    "pk": 19,
    "fields": {
      "social_image": null,
      "social_text": "",
      "listing_image": 3,
      "listing_title": "",
      "listing_summary": "",
      "appear_in_search_results": true,
      "author": 1,
      "topic": 1,
      "publication_date": null,
      "introduction": "Lorem ipsum dolor sit amet, consectetur adipiscing elit, sed do eiusmod tempor incididunt ut labore et dolore magna aliqua. Ut enim ad minim veniam, quis nostrud exercitation",
      "image": "[{\"type\": \"image\", \"value\": {\"image\": 3, \"image_alt_text\": \"\", \"caption\": \"\"}, \"id\": \"95af9635-efc3-44f2-bce5-43e30b6261a9\"}]",
      "body": "[{\"type\": \"section\", \"value\": {\"heading\": \"This is a section heading\", \"content\": [{\"type\": \"paragraph\", \"value\": \"<p data-block-key=\\\"6zx8y\\\">Lorem</p>\", \"id\": \"5d402652-53db-416b-8f01-90af36a5db39\"}]}, \"id\": \"6fb6c87b-978c-482d-abdd-c1470b3fa8a5\"}]",
      "featured_section_title": ""
    }
  },
  {
    "model": "news.articlepage",
    "pk": 20,
    "fields": {
      "social_image": null,
      "social_text": "",
      "listing_image": 3,
      "listing_title": "",
      "listing_summary": "",
      "appear_in_search_results": true,
      "author": 1,
      "topic": 1,
      "publication_date": null,
      "introduction": "Lorem ipsum dolor sit amet, consectetur adipiscing elit, sed do eiusmod tempor incididunt ut labore et dolore magna aliqua. Ut enim ad minim veniam, quis nostrud exercitation",
      "image": "[{\"type\": \"image\", \"value\": {\"image\": 3, \"image_alt_text\": \"\", \"caption\": \"\"}, \"id\": \"95af9635-efc3-44f2-bce5-43e30b6261a9\"}]",
      "body": "[{\"type\": \"section\", \"value\": {\"heading\": \"This is a section heading\", \"content\": [{\"type\": \"paragraph\", \"value\": \"<p data-block-key=\\\"6zx8y\\\">Lorem</p>\", \"id\": \"5d402652-53db-416b-8f01-90af36a5db39\"}]}, \"id\": \"6fb6c87b-978c-482d-abdd-c1470b3fa8a5\"}]",
      "featured_section_title": ""
    }
  },
  {
    "model": "news.articlepage",
    "pk": 21,
    "fields": {
      "social_image": null,
      "social_text": "",
      "listing_image": 3,
      "listing_title": "",
      "listing_summary": "",
      "appear_in_search_results": true,
      "author": 1,
      "topic": 1,
      "publication_date": null,
      "introduction": "Lorem ipsum dolor sit amet, consectetur adipiscing elit, sed do eiusmod tempor incididunt ut labore et dolore magna aliqua. Ut enim ad minim veniam, quis nostrud exercitation",
      "image": "[{\"type\": \"image\", \"value\": {\"image\": 3, \"image_alt_text\": \"\", \"caption\": \"\"}, \"id\": \"95af9635-efc3-44f2-bce5-43e30b6261a9\"}]",
      "body": "[{\"type\": \"section\", \"value\": {\"heading\": \"This is a section heading\", \"content\": [{\"type\": \"paragraph\", \"value\": \"<p data-block-key=\\\"6zx8y\\\">Lorem</p>\", \"id\": \"5d402652-53db-416b-8f01-90af36a5db39\"}]}, \"id\": \"6fb6c87b-978c-482d-abdd-c1470b3fa8a5\"}]",
      "featured_section_title": ""
    }
  },
  {
    "model": "news.articlepage",
    "pk": 22,
    "fields": {
      "social_image": null,
      "social_text": "",
      "listing_image": 3,
      "listing_title": "",
      "listing_summary": "",
      "appear_in_search_results": true,
      "author": 1,
      "topic": 1,
      "publication_date": null,
      "introduction": "Lorem ipsum dolor sit amet, consectetur adipiscing elit, sed do eiusmod tempor incididunt ut labore et dolore magna aliqua. Ut enim ad minim veniam, quis nostrud exercitation",
      "image": "[{\"type\": \"image\", \"value\": {\"image\": 3, \"image_alt_text\": \"\", \"caption\": \"\"}, \"id\": \"95af9635-efc3-44f2-bce5-43e30b6261a9\"}]",
      "body": "[{\"type\": \"section\", \"value\": {\"heading\": \"This is a section heading\", \"content\": [{\"type\": \"paragraph\", \"value\": \"<p data-block-key=\\\"6zx8y\\\">Lorem</p>\", \"id\": \"5d402652-53db-416b-8f01-90af36a5db39\"}]}, \"id\": \"6fb6c87b-978c-482d-abdd-c1470b3fa8a5\"}]",
      "featured_section_title": ""
    }
  },
  {
    "model": "news.articlepage",
    "pk": 23,
    "fields": {
      "social_image": null,
      "social_text": "",
      "listing_image": 3,
      "listing_title": "",
      "listing_summary": "",
      "appear_in_search_results": true,
      "author": 1,
      "topic": 1,
      "publication_date": null,
      "introduction": "Lorem ipsum dolor sit amet, consectetur adipiscing elit, sed do eiusmod tempor incididunt ut labore et dolore magna aliqua. Ut enim ad minim veniam, quis nostrud exercitation",
      "image": "[{\"type\": \"image\", \"value\": {\"image\": 3, \"image_alt_text\": \"\", \"caption\": \"\"}, \"id\": \"95af9635-efc3-44f2-bce5-43e30b6261a9\"}]",
      "body": "[{\"type\": \"section\", \"value\": {\"heading\": \"This is a section heading\", \"content\": [{\"type\": \"paragraph\", \"value\": \"<p data-block-key=\\\"6zx8y\\\">Lorem</p>\", \"id\": \"5d402652-53db-416b-8f01-90af36a5db39\"}]}, \"id\": \"6fb6c87b-978c-482d-abdd-c1470b3fa8a5\"}]",
      "featured_section_title": ""
    }
  },
  {
    "model": "news.articlepage",
    "pk": 24,
    "fields": {
      "social_image": null,
      "social_text": "",
      "listing_image": 3,
      "listing_title": "",
      "listing_summary": "",
      "appear_in_search_results": true,
      "author": 1,
      "topic": 1,
      "publication_date": null,
      "introduction": "Lorem ipsum dolor sit amet, consectetur adipiscing elit, sed do eiusmod tempor incididunt ut labore et dolore magna aliqua. Ut enim ad minim veniam, quis nostrud exercitation",
      "image": "[{\"type\": \"image\", \"value\": {\"image\": 3, \"image_alt_text\": \"\", \"caption\": \"\"}, \"id\": \"95af9635-efc3-44f2-bce5-43e30b6261a9\"}]",
      "body": "[{\"type\": \"section\", \"value\": {\"heading\": \"This is a section heading\", \"content\": [{\"type\": \"paragraph\", \"value\": \"<p data-block-key=\\\"6zx8y\\\">Lorem</p>\", \"id\": \"5d402652-53db-416b-8f01-90af36a5db39\"}]}, \"id\": \"6fb6c87b-978c-482d-abdd-c1470b3fa8a5\"}]",
      "featured_section_title": ""
    }
  },
  {
    "model": "news.articlepage",
    "pk": 25,
    "fields": {
      "social_image": null,
      "social_text": "",
      "listing_image": 3,
      "listing_title": "",
      "listing_summary": "",
      "appear_in_search_results": true,
      "author": 1,
      "topic": 1,
      "publication_date": null,
      "introduction": "Lorem ipsum dolor sit amet, consectetur adipiscing elit, sed do eiusmod tempor incididunt ut labore et dolore magna aliqua. Ut enim ad minim veniam, quis nostrud exercitation",
      "image": "[{\"type\": \"image\", \"value\": {\"image\": 3, \"image_alt_text\": \"\", \"caption\": \"\"}, \"id\": \"95af9635-efc3-44f2-bce5-43e30b6261a9\"}]",
      "body": "[{\"type\": \"section\", \"value\": {\"heading\": \"This is a section heading\", \"content\": [{\"type\": \"paragraph\", \"value\": \"<p data-block-key=\\\"6zx8y\\\">Lorem</p>\", \"id\": \"5d402652-53db-416b-8f01-90af36a5db39\"}]}, \"id\": \"6fb6c87b-978c-482d-abdd-c1470b3fa8a5\"}]",
      "featured_section_title": ""
    }
  },
  {
    "model": "news.articlepage",
    "pk": 26,
    "fields": {
      "social_image": null,
      "social_text": "",
      "listing_image": 3,
      "listing_title": "",
      "listing_summary": "",
      "appear_in_search_results": true,
      "author": 1,
      "topic": 1,
      "publication_date": null,
      "introduction": "Lorem ipsum dolor sit amet, consectetur adipiscing elit, sed do eiusmod tempor incididunt ut labore et dolore magna aliqua. Ut enim ad minim veniam, quis nostrud exercitation",
      "image": "[{\"type\":}]"
    }
  }
]